index,x1_mean,x1_div,x2_mean,x2_div,y_mean,y_div
0,17.98611111111111,5.898976728855128,12.819444444444445,5.898976728855128,2210.441666666667,680.1386892019125
